CEPH ID,population,Geographic origin,Region,Pop7Groups,Sex,All LCLs (H1063),Unrelated (1st and 2nd degree) (H951)
HGDP00001,Brahui,Pakistan,Asia,Central_South_Asia,M,yes,yes
HGDP00003,Brahui,Pakistan,Asia,Central_South_Asia,M,yes,yes
HGDP00005,Brahui,Pakistan,Asia,Central_South_Asia,M,yes,yes
HGDP00007,Brahui,Pakistan,Asia,Central_South_Asia,M,yes,yes
HGDP00009,Brahui,Pakistan,Asia,Central_South_Asia,M,yes,yes
HGDP00011,Brahui,Pakistan,Asia,Central_South_Asia,M,yes,yes
HGDP00013,Brahui,Pakistan,Asia,Central_South_Asia,M,yes,yes
HGDP00015,Brahui,Pakistan,Asia,Central_South_Asia,M,yes,yes
HGDP00017,Brahui,Pakistan,Asia,Central_South_Asia,M,yes,yes
HGDP00019,Brahui,Pakistan,Asia,Central_South_Asia,M,yes,yes
HGDP00021,Brahui,Pakistan,Asia,Central_South_Asia,M,yes,yes
HGDP00023,Brahui,Pakistan,Asia,Central_South_Asia,M,yes,yes
HGDP00025,Brahui,Pakistan,Asia,Central_South_Asia,M,yes,yes
HGDP00027,Brahui,Pakistan,Asia,Central_South_Asia,M,yes,yes
HGDP00029,Brahui,Pakistan,Asia,Central_South_Asia,M,yes,yes
HGDP00031,Brahui,Pakistan,Asia,Central_South_Asia,M,yes,yes
HGDP00033,Brahui,Pakistan,Asia,Central_South_Asia,M,yes,yes
HGDP00035,Brahui,Pakistan,Asia,Central_South_Asia,M,yes,yes
HGDP00037,Brahui,Pakistan,Asia,Central_South_Asia,M,yes,yes
HGDP00039,Brahui,Pakistan,Asia,Central_South_Asia,M,yes,yes
HGDP00041,Brahui,Pakistan,Asia,Central_South_Asia,M,yes,yes
HGDP00043,Brahui,Pakistan,Asia,Central_South_Asia,M,yes,yes
HGDP00045,Brahui,Pakistan,Asia,Central_South_Asia,M,yes,yes
HGDP00047,Brahui,Pakistan,Asia,Central_South_Asia,M,yes,yes
HGDP00049,Brahui,Pakistan,Asia,Central_South_Asia,M,yes,yes
HGDP00052,Balochi,Pakistan,Asia,Central_South_Asia,M,yes,yes
HGDP00054,Balochi,Pakistan,Asia,Central_South_Asia,M,yes,yes
HGDP00056,Balochi,Pakistan,Asia,Central_South_Asia,M,yes,yes
HGDP00057,Balochi,Pakistan,Asia,Central_South_Asia,M,yes,yes
HGDP00058,Balochi,Pakistan,Asia,Central_South_Asia,M,yes,yes
HGDP00060,Balochi,Pakistan,Asia,Central_South_Asia,M,yes,yes
HGDP00062,Balochi,Pakistan,Asia,Central_South_Asia,M,yes,yes
HGDP00064,Balochi,Pakistan,Asia,Central_South_Asia,M,yes,yes
HGDP00066,Balochi,Pakistan,Asia,Central_South_Asia,M,yes,yes
HGDP00068,Balochi,Pakistan,Asia,Central_South_Asia,M,yes,yes
HGDP00070,Balochi,Pakistan,Asia,Central_South_Asia,M,yes,yes
HGDP00072,Balochi,Pakistan,Asia,Central_South_Asia,M,yes,yes
HGDP00074,Balochi,Pakistan,Asia,Central_South_Asia,M,yes,yes
HGDP00076,Balochi,Pakistan,Asia,Central_South_Asia,M,yes,yes
HGDP00078,Balochi,Pakistan,Asia,Central_South_Asia,M,yes,yes
HGDP00080,Balochi,Pakistan,Asia,Central_South_Asia,M,yes,yes
HGDP00082,Balochi,Pakistan,Asia,Central_South_Asia,M,yes,yes
HGDP00084,Balochi,Pakistan,Asia,Central_South_Asia,M,yes,no
HGDP00086,Balochi,Pakistan,Asia,Central_South_Asia,M,yes,yes
HGDP00088,Balochi,Pakistan,Asia,Central_South_Asia,M,yes,yes
HGDP00090,Balochi,Pakistan,Asia,Central_South_Asia,M,yes,yes
HGDP00092,Balochi,Pakistan,Asia,Central_South_Asia,M,yes,yes
HGDP00094,Balochi,Pakistan,Asia,Central_South_Asia,M,yes,yes
HGDP00096,Balochi,Pakistan,Asia,Central_South_Asia,M,yes,yes
HGDP00098,Balochi,Pakistan,Asia,Central_South_Asia,M,yes,yes
HGDP00099,Hazara,Pakistan,Asia,Central_South_Asia,M,yes,yes
HGDP00100,Hazara,Pakistan,Asia,Central_South_Asia,M,yes,yes
HGDP00102,Hazara,Pakistan,Asia,Central_South_Asia,M,yes,yes
HGDP00103,Hazara,Pakistan,Asia,Central_South_Asia,M,yes,yes
HGDP00104,Hazara,Pakistan,Asia,Central_South_Asia,M,yes,yes
HGDP00105,Hazara,Pakistan,Asia,Central_South_Asia,M,yes,yes
HGDP00106,Hazara,Pakistan,Asia,Central_South_Asia,M,yes,yes
HGDP00108,Hazara,Pakistan,Asia,Central_South_Asia,M,yes,yes
HGDP00109,Hazara,Pakistan,Asia,Central_South_Asia,M,yes,yes
HGDP00110,Hazara,Pakistan,Asia,Central_South_Asia,M,yes,yes
HGDP00111,Hazara,Pakistan,Asia,Central_South_Asia,M,yes,yes
HGDP00112,Hazara,Pakistan,Asia,Central_South_Asia,M,yes,yes
HGDP00113,Hazara,Pakistan,Asia,Central_South_Asia,M,yes,no
HGDP00115,Hazara,Pakistan,Asia,Central_South_Asia,M,yes,yes
HGDP00116,Hazara,Pakistan,Asia,Central_South_Asia,M,yes,yes
HGDP00118,Hazara,Pakistan,Asia,Central_South_Asia,M,yes,yes
HGDP00119,Hazara,Pakistan,Asia,Central_South_Asia,M,yes,yes
HGDP00120,Hazara,Pakistan,Asia,Central_South_Asia,M,yes,yes
HGDP00121,Hazara,Pakistan,Asia,Central_South_Asia,M,yes,yes
HGDP00122,Hazara,Pakistan,Asia,Central_South_Asia,M,yes,yes
HGDP00124,Hazara,Pakistan,Asia,Central_South_Asia,M,yes,yes
HGDP00125,Hazara,Pakistan,Asia,Central_South_Asia,M,yes,yes
HGDP00127,Hazara,Pakistan,Asia,Central_South_Asia,M,yes,yes
HGDP00128,Hazara,Pakistan,Asia,Central_South_Asia,M,yes,no
HGDP00129,Hazara,Pakistan,Asia,Central_South_Asia,M,yes,yes
HGDP00130,Makrani,Pakistan,Asia,Central_South_Asia,M,yes,yes
HGDP00131,Makrani,Pakistan,Asia,Central_South_Asia,M,yes,yes
HGDP00133,Makrani,Pakistan,Asia,Central_South_Asia,M,yes,yes
HGDP00134,Makrani,Pakistan,Asia,Central_South_Asia,M,yes,yes
HGDP00135,Makrani,Pakistan,Asia,Central_South_Asia,M,yes,yes
HGDP00136,Makrani,Pakistan,Asia,Central_South_Asia,M,yes,yes
HGDP00137,Makrani,Pakistan,Asia,Central_South_Asia,M,yes,yes
HGDP00139,Makrani,Pakistan,Asia,Central_South_Asia,M,yes,yes
HGDP00140,Makrani,Pakistan,Asia,Central_South_Asia,M,yes,yes
HGDP00141,Makrani,Pakistan,Asia,Central_South_Asia,M,yes,yes
HGDP00143,Makrani,Pakistan,Asia,Central_South_Asia,M,yes,yes
HGDP00144,Makrani,Pakistan,Asia,Central_South_Asia,M,yes,yes
HGDP00145,Makrani,Pakistan,Asia,Central_South_Asia,M,yes,yes
HGDP00146,Makrani,Pakistan,Asia,Central_South_Asia,M,yes,yes
HGDP00148,Makrani,Pakistan,Asia,Central_South_Asia,M,yes,yes
HGDP00149,Makrani,Pakistan,Asia,Central_South_Asia,M,yes,yes
HGDP00150,Makrani,Pakistan,Asia,Central_South_Asia,M,yes,yes
HGDP00151,Makrani,Pakistan,Asia,Central_South_Asia,F,yes,yes
HGDP00153,Makrani,Pakistan,Asia,Central_South_Asia,F,yes,yes
HGDP00154,Makrani,Pakistan,Asia,Central_South_Asia,F,yes,yes
HGDP00155,Makrani,Pakistan,Asia,Central_South_Asia,F,yes,yes
HGDP00157,Makrani,Pakistan,Asia,Central_South_Asia,F,yes,yes
HGDP00158,Makrani,Pakistan,Asia,Central_South_Asia,M,yes,yes
HGDP00160,Makrani,Pakistan,Asia,Central_South_Asia,M,yes,yes
HGDP00161,Makrani,Pakistan,Asia,Central_South_Asia,M,yes,yes
HGDP00163,Sindhi,Pakistan,Asia,Central_South_Asia,M,yes,yes
HGDP00165,Sindhi,Pakistan,Asia,Central_South_Asia,M,yes,yes
HGDP00167,Sindhi,Pakistan,Asia,Central_South_Asia,M,yes,yes
HGDP00169,Sindhi,Pakistan,Asia,Central_South_Asia,M,yes,yes
HGDP00171,Sindhi,Pakistan,Asia,Central_South_Asia,M,yes,yes
HGDP00173,Sindhi,Pakistan,Asia,Central_South_Asia,M,yes,yes
HGDP00175,Sindhi,Pakistan,Asia,Central_South_Asia,M,yes,yes
HGDP00177,Sindhi,Pakistan,Asia,Central_South_Asia,M,yes,yes
HGDP00179,Sindhi,Pakistan,Asia,Central_South_Asia,M,yes,yes
HGDP00181,Sindhi,Pakistan,Asia,Central_South_Asia,M,yes,yes
HGDP00183,Sindhi,Pakistan,Asia,Central_South_Asia,M,yes,yes
HGDP00185,Sindhi,Pakistan,Asia,Central_South_Asia,M,yes,yes
HGDP00187,Sindhi,Pakistan,Asia,Central_South_Asia,M,yes,yes
HGDP00189,Sindhi,Pakistan,Asia,Central_South_Asia,M,yes,yes
HGDP00191,Sindhi,Pakistan,Asia,Central_South_Asia,M,yes,yes
HGDP00192,Sindhi,Pakistan,Asia,Central_South_Asia,F,yes,yes
HGDP00195,Sindhi,Pakistan,Asia,Central_South_Asia,F,yes,yes
HGDP00197,Sindhi,Pakistan,Asia,Central_South_Asia,M,yes,yes
HGDP00199,Sindhi,Pakistan,Asia,Central_South_Asia,M,yes,yes
HGDP00201,Sindhi,Pakistan,Asia,Central_South_Asia,M,yes,yes
HGDP00203,Sindhi,Pakistan,Asia,Central_South_Asia,M,yes,no
HGDP00205,Sindhi,Pakistan,Asia,Central_South_Asia,M,yes,yes
HGDP00206,Sindhi,Pakistan,Asia,Central_South_Asia,F,yes,yes
HGDP00208,Sindhi,Pakistan,Asia,Central_South_Asia,M,yes,yes
HGDP00210,Sindhi,Pakistan,Asia,Central_South_Asia,F,yes,yes
HGDP00213,Pathan,Pakistan,Asia,Central_South_Asia,M,yes,yes
HGDP00214,Pathan,Pakistan,Asia,Central_South_Asia,M,yes,yes
HGDP00216,Pathan,Pakistan,Asia,Central_South_Asia,M,yes,yes
HGDP00218,Pathan,Pakistan,Asia,Central_South_Asia,M,yes,yes
HGDP00220,Hazara,Pakistan,Asia,Central_South_Asia,M,yes,no
HGDP00222,Pathan,Pakistan,Asia,Central_South_Asia,M,yes,yes
HGDP00224,Pathan,Pakistan,Asia,Central_South_Asia,M,yes,yes
HGDP00226,Pathan,Pakistan,Asia,Central_South_Asia,M,yes,yes
HGDP00228,Pathan,Pakistan,Asia,Central_South_Asia,M,yes,yes
HGDP00230,Pathan,Pakistan,Asia,Central_South_Asia,M,yes,yes
HGDP00232,Pathan,Pakistan,Asia,Central_South_Asia,F,yes,yes
HGDP00234,Pathan,Pakistan,Asia,Central_South_Asia,M,yes,yes
HGDP00237,Pathan,Pakistan,Asia,Central_South_Asia,F,yes,yes
HGDP00239,Pathan,Pakistan,Asia,Central_South_Asia,F,yes,yes
HGDP00241,Pathan,Pakistan,Asia,Central_South_Asia,M,yes,yes
HGDP00243,Pathan,Pakistan,Asia,Central_South_Asia,M,yes,yes
HGDP00244,Pathan,Pakistan,Asia,Central_South_Asia,F,yes,yes
HGDP00247,Pathan,Pakistan,Asia,Central_South_Asia,F,yes,yes
HGDP00248,Pathan,Pakistan,Asia,Central_South_Asia,M,yes,yes
HGDP00251,Pathan,Pakistan,Asia,Central_South_Asia,M,yes,yes
HGDP00254,Pathan,Pakistan,Asia,Central_South_Asia,M,yes,yes
HGDP00258,Pathan,Pakistan,Asia,Central_South_Asia,M,yes,yes
HGDP00259,Pathan,Pakistan,Asia,Central_South_Asia,M,yes,yes
HGDP00262,Pathan,Pakistan,Asia,Central_South_Asia,M,yes,yes
HGDP00264,Pathan,Pakistan,Asia,Central_South_Asia,M,yes,yes
HGDP00267,Kalash,Pakistan,Asia,Central_South_Asia,M,yes,yes
HGDP00274,Kalash,Pakistan,Asia,Central_South_Asia,F,yes,yes
HGDP00277,Kalash,Pakistan,Asia,Central_South_Asia,M,yes,yes
HGDP00279,Kalash,Pakistan,Asia,Central_South_Asia,M,yes,yes
HGDP00281,Kalash,Pakistan,Asia,Central_South_Asia,M,yes,yes
HGDP00285,Kalash,Pakistan,Asia,Central_South_Asia,M,yes,yes
HGDP00286,Kalash,Pakistan,Asia,Central_South_Asia,F,yes,yes
HGDP00288,Kalash,Pakistan,Asia,Central_South_Asia,M,yes,yes
HGDP00290,Kalash,Pakistan,Asia,Central_South_Asia,M,yes,yes
HGDP00292,Kalash,Pakistan,Asia,Central_South_Asia,M,yes,no
HGDP00298,Kalash,Pakistan,Asia,Central_South_Asia,F,yes,yes
HGDP00302,Kalash,Pakistan,Asia,Central_South_Asia,M,yes,yes
HGDP00304,Kalash,Pakistan,Asia,Central_South_Asia,F,yes,yes
HGDP00307,Kalash,Pakistan,Asia,Central_South_Asia,M,yes,yes
HGDP00309,Kalash,Pakistan,Asia,Central_South_Asia,M,yes,yes
HGDP00311,Kalash,Pakistan,Asia,Central_South_Asia,M,yes,yes
HGDP00313,Kalash,Pakistan,Asia,Central_South_Asia,M,yes,yes
HGDP00315,Kalash,Pakistan,Asia,Central_South_Asia,M,yes,yes
HGDP00319,Kalash,Pakistan,Asia,Central_South_Asia,M,yes,yes
HGDP00321,Kalash,Pakistan,Asia,Central_South_Asia,M,yes,no
HGDP00323,Kalash,Pakistan,Asia,Central_South_Asia,F,yes,yes
HGDP00326,Kalash,Pakistan,Asia,Central_South_Asia,M,yes,yes
HGDP00328,Kalash,Pakistan,Asia,Central_South_Asia,M,yes,yes
HGDP00330,Kalash,Pakistan,Asia,Central_South_Asia,M,yes,yes
HGDP00333,Kalash,Pakistan,Asia,Central_South_Asia,M,yes,yes
HGDP00336,Burusho,Pakistan,Asia,Central_South_Asia,F,yes,yes
HGDP00338,Burusho,Pakistan,Asia,Central_South_Asia,F,yes,yes
HGDP00341,Burusho,Pakistan,Asia,Central_South_Asia,M,yes,yes
HGDP00346,Burusho,Pakistan,Asia,Central_South_Asia,M,yes,yes
HGDP00351,Burusho,Pakistan,Asia,Central_South_Asia,M,yes,yes
HGDP00356,Burusho,Pakistan,Asia,Central_South_Asia,F,yes,yes
HGDP00359,Burusho,Pakistan,Asia,Central_South_Asia,M,yes,yes
HGDP00364,Burusho,Pakistan,Asia,Central_South_Asia,M,yes,yes
HGDP00371,Burusho,Pakistan,Asia,Central_South_Asia,F,yes,yes
HGDP00372,Burusho,Pakistan,Asia,Central_South_Asia,M,yes,yes
HGDP00376,Burusho,Pakistan,Asia,Central_South_Asia,M,yes,yes
HGDP00382,Burusho,Pakistan,Asia,Central_South_Asia,M,yes,yes
HGDP00388,Burusho,Pakistan,Asia,Central_South_Asia,M,yes,yes
HGDP00392,Burusho,Pakistan,Asia,Central_South_Asia,M,yes,yes
HGDP00397,Burusho,Pakistan,Asia,Central_South_Asia,M,yes,yes
HGDP00402,Burusho,Pakistan,Asia,Central_South_Asia,M,yes,yes
HGDP00407,Burusho,Pakistan,Asia,Central_South_Asia,M,yes,yes
HGDP00412,Burusho,Pakistan,Asia,Central_South_Asia,M,yes,yes
HGDP00417,Burusho,Pakistan,Asia,Central_South_Asia,M,yes,yes
HGDP00423,Burusho,Pakistan,Asia,Central_South_Asia,M,yes,yes
HGDP00428,Burusho,Pakistan,Asia,Central_South_Asia,M,yes,yes
HGDP00433,Burusho,Pakistan,Asia,Central_South_Asia,M,yes,yes
HGDP00438,Burusho,Pakistan,Asia,Central_South_Asia,M,yes,yes
HGDP00444,Burusho,Pakistan,Asia,Central_South_Asia,F,yes,yes
HGDP00445,Burusho,Pakistan,Asia,Central_South_Asia,M,yes,yes
HGDP00448,Biaka_Pygmy,Central African Republic,Subsaharan Africa,Africa,M,yes,no
HGDP00449,Mbuti_Pygmy,Democratic Republic of Congo,Subsaharan Africa,Africa,M,yes,yes
HGDP00450,Mbuti_Pygmy,Democratic Republic of Congo,Subsaharan Africa,Africa,M,yes,yes
HGDP00451,Biaka_Pygmy,Central African Republic,Subsaharan Africa,Africa,M,yes,no
HGDP00452,Biaka_Pygmy,Central African Republic,Subsaharan Africa,Africa,M,yes,yes
HGDP00453,Biaka_Pygmy,Central African Republic,Subsaharan Africa,Africa,M,yes,yes
HGDP00454,Biaka_Pygmy,Central African Republic,Subsaharan Africa,Africa,M,yes,yes
HGDP00455,Biaka_Pygmy,Central African Republic,Subsaharan Africa,Africa,M,yes,yes
HGDP00456,Mbuti_Pygmy,Democratic Republic of Congo,Subsaharan Africa,Africa,M,yes,yes
HGDP00457,Biaka_Pygmy,Central African Republic,Subsaharan Africa,Africa,M,yes,yes
HGDP00458,Biaka_Pygmy,Central African Republic,Subsaharan Africa,Africa,M,yes,yes
HGDP00459,Biaka_Pygmy,Central African Republic,Subsaharan Africa,Africa,M,yes,yes
HGDP00460,Biaka_Pygmy,Central African Republic,Subsaharan Africa,Africa,M,yes,yes
HGDP00461,Biaka_Pygmy,Central African Republic,Subsaharan Africa,Africa,M,yes,yes
HGDP00462,Mbuti_Pygmy,Democratic Republic of Congo,Subsaharan Africa,Africa,M,yes,yes
HGDP00463,Mbuti_Pygmy,Democratic Republic of Congo,Subsaharan Africa,Africa,M,yes,yes
HGDP00464,Biaka_Pygmy,Central African Republic,Subsaharan Africa,Africa,M,yes,yes
HGDP00465,Biaka_Pygmy,Central African Republic,Subsaharan Africa,Africa,M,yes,yes
HGDP00466,Biaka_Pygmy,Central African Republic,Subsaharan Africa,Africa,M,yes,yes
HGDP00467,Mbuti_Pygmy,Democratic Republic of Congo,Subsaharan Africa,Africa,M,yes,yes
HGDP00468,Mbuti_Pygmy,Democratic Republic of Congo,Subsaharan Africa,Africa,M,yes,no
HGDP00469,Biaka_Pygmy,Central African Republic,Subsaharan Africa,Africa,M,yes,yes
HGDP00470,Biaka_Pygmy,Central African Republic,Subsaharan Africa,Africa,M,yes,yes
HGDP00471,Mbuti_Pygmy,Democratic Republic of Congo,Subsaharan Africa,Africa,F,yes,yes
HGDP00472,Biaka_Pygmy,Central African Republic,Subsaharan Africa,Africa,M,yes,yes
HGDP00473,Biaka_Pygmy,Central African Republic,Subsaharan Africa,Africa,M,yes,yes
HGDP00474,Mbuti_Pygmy,Democratic Republic of Congo,Subsaharan Africa,Africa,M,yes,yes
HGDP00475,Biaka_Pygmy,Central African Republic,Subsaharan Africa,Africa,M,yes,yes
HGDP00476,Mbuti_Pygmy,Democratic Republic of Congo,Subsaharan Africa,Africa,F,yes,yes
HGDP00477,Biaka_Pygmy,Central African Republic,Subsaharan Africa,Africa,M,yes,no
HGDP00478,Mbuti_Pygmy,Democratic Republic of Congo,Subsaharan Africa,Africa,M,yes,yes
HGDP00479,Biaka_Pygmy,Central African Republic,Subsaharan Africa,Africa,M,yes,yes
HGDP00490,NAN_Melanesian,Bougainville,Oceania,Oceania,M,yes,no
HGDP00491,NAN_Melanesian,Bougainville,Oceania,Oceania,M,yes,yes
HGDP00511,French,France,Europe,Europe,M,yes,yes
HGDP00512,French,France,Europe,Europe,M,yes,yes
HGDP00513,French,France,Europe,Europe,F,yes,yes
HGDP00514,French,France,Europe,Europe,F,yes,yes
HGDP00515,French,France,Europe,Europe,M,yes,yes
HGDP00516,French,France,Europe,Europe,F,yes,yes
HGDP00517,French,France,Europe,Europe,F,yes,yes
HGDP00518,French,France,Europe,Europe,M,yes,yes
HGDP00519,French,France,Europe,Europe,M,yes,yes
HGDP00520,French,France,Europe,Europe,F,yes,yes
HGDP00521,French,France,Europe,Europe,M,yes,yes
HGDP00522,French,France,Europe,Europe,M,yes,yes
HGDP00523,French,France,Europe,Europe,F,yes,yes
HGDP00524,French,France,Europe,Europe,F,yes,yes
HGDP00525,French,France,Europe,Europe,M,yes,yes
HGDP00526,French,France,Europe,Europe,F,yes,yes
HGDP00527,French,France,Europe,Europe,F,yes,yes
HGDP00528,French,France,Europe,Europe,M,yes,yes
HGDP00529,French,France,Europe,Europe,F,yes,yes
HGDP00530,French,France,Europe,Europe,M,yes,yes
HGDP00531,French,France,Europe,Europe,F,yes,yes
HGDP00532,French,France,Europe,Europe,F,yes,no
HGDP00533,French,France,Europe,Europe,M,yes,yes
HGDP00534,French,France,Europe,Europe,F,yes,yes
HGDP00535,French,France,Europe,Europe,F,yes,yes
HGDP00536,French,France,Europe,Europe,F,yes,yes
HGDP00537,French,France,Europe,Europe,F,yes,yes
HGDP00538,French,France,Europe,Europe,M,yes,yes
HGDP00539,French,France,Europe,Europe,F,yes,yes
HGDP00540,Papuan,New Guinea,Oceania,Oceania,M,yes,yes
HGDP00541,Papuan,New Guinea,Oceania,Oceania,M,yes,yes
HGDP00542,Papuan,New Guinea,Oceania,Oceania,M,yes,yes
HGDP00543,Papuan,New Guinea,Oceania,Oceania,M,yes,yes
HGDP00544,Papuan,New Guinea,Oceania,Oceania,F,yes,yes
HGDP00545,Papuan,New Guinea,Oceania,Oceania,M,yes,yes
HGDP00546,Papuan,New Guinea,Oceania,Oceania,M,yes,yes
HGDP00547,Papuan,New Guinea,Oceania,Oceania,M,yes,yes
HGDP00548,Papuan,New Guinea,Oceania,Oceania,M,yes,yes
HGDP00549,Papuan,New Guinea,Oceania,Oceania,M,yes,yes
HGDP00550,Papuan,New Guinea,Oceania,Oceania,F,yes,yes
HGDP00551,Papuan,New Guinea,Oceania,Oceania,M,yes,yes
HGDP00552,Papuan,New Guinea,Oceania,Oceania,F,yes,yes
HGDP00553,Papuan,New Guinea,Oceania,Oceania,M,yes,yes
HGDP00554,Papuan,New Guinea,Oceania,Oceania,F,yes,yes
HGDP00555,Papuan,New Guinea,Oceania,Oceania,M,yes,yes
HGDP00556,Papuan,New Guinea,Oceania,Oceania,M,yes,yes
HGDP00557,Druze,Israel (Carmel),Middle East,Middle_Est,F,yes,yes
HGDP00558,Druze,Israel (Carmel),Middle East,Middle_Est,F,yes,yes
HGDP00559,Druze,Israel (Carmel),Middle East,Middle_Est,F,yes,yes
HGDP00560,Druze,Israel (Carmel),Middle East,Middle_Est,F,yes,yes
HGDP00561,Druze,Israel (Carmel),Middle East,Middle_Est,F,yes,yes
HGDP00562,Druze,Israel (Carmel),Middle East,Middle_Est,M,yes,yes
HGDP00563,Druze,Israel (Carmel),Middle East,Middle_Est,F,yes,yes
HGDP00564,Druze,Israel (Carmel),Middle East,Middle_Est,F,yes,yes
HGDP00565,Druze,Israel (Carmel),Middle East,Middle_Est,F,yes,yes
HGDP00566,Druze,Israel (Carmel),Middle East,Middle_Est,F,yes,yes
HGDP00567,Druze,Israel (Carmel),Middle East,Middle_Est,F,yes,yes
HGDP00568,Druze,Israel (Carmel),Middle East,Middle_Est,F,yes,yes
HGDP00569,Druze,Israel (Carmel),Middle East,Middle_Est,F,yes,yes
HGDP00570,Druze,Israel (Carmel),Middle East,Middle_Est,F,yes,no
HGDP00571,Druze,Israel (Carmel),Middle East,Middle_Est,F,yes,yes
HGDP00572,Druze,Israel (Carmel),Middle East,Middle_Est,F,yes,yes
HGDP00573,Druze,Israel (Carmel),Middle East,Middle_Est,F,yes,yes
HGDP00574,Druze,Israel (Carmel),Middle East,Middle_Est,F,yes,yes
HGDP00575,Druze,Israel (Carmel),Middle East,Middle_Est,F,yes,yes
HGDP00576,Druze,Israel (Carmel),Middle East,Middle_Est,M,yes,yes
HGDP00577,Druze,Israel (Carmel),Middle East,Middle_Est,F,yes,yes
HGDP00578,Druze,Israel (Carmel),Middle East,Middle_Est,F,yes,yes
HGDP00579,Druze,Israel (Carmel),Middle East,Middle_Est,F,yes,yes
HGDP00580,Druze,Israel (Carmel),Middle East,Middle_Est,M,yes,yes
HGDP00581,Druze,Israel (Carmel),Middle East,Middle_Est,F,yes,yes
HGDP00582,Druze,Israel (Carmel),Middle East,Middle_Est,F,yes,yes
HGDP00583,Druze,Israel (Carmel),Middle East,Middle_Est,F,yes,yes
HGDP00584,Druze,Israel (Carmel),Middle East,Middle_Est,F,yes,yes
HGDP00585,Druze,Israel (Carmel),Middle East,Middle_Est,F,yes,no
HGDP00586,Druze,Israel (Carmel),Middle East,Middle_Est,F,yes,yes
HGDP00587,Druze,Israel (Carmel),Middle East,Middle_Est,F,yes,yes
HGDP00588,Druze,Israel (Carmel),Middle East,Middle_Est,M,yes,yes
HGDP00589,Druze,Israel (Carmel),Middle East,Middle_Est,F,yes,no
HGDP00590,Druze,Israel (Carmel),Middle East,Middle_Est,F,yes,yes
HGDP00591,Druze,Israel (Carmel),Middle East,Middle_Est,F,yes,yes
HGDP00592,Druze,Israel (Carmel),Middle East,Middle_Est,F,yes,no
HGDP00594,Druze,Israel (Carmel),Middle East,Middle_Est,M,yes,yes
HGDP00595,Druze,Israel (Carmel),Middle East,Middle_Est,M,yes,yes
HGDP00598,Druze,Israel (Carmel),Middle East,Middle_Est,M,yes,yes
HGDP00599,Druze,Israel (Carmel),Middle East,Middle_Est,M,yes,yes
HGDP00600,Druze,Israel (Carmel),Middle East,Middle_Est,M,yes,yes
HGDP00601,Druze,Israel (Carmel),Middle East,Middle_Est,F,yes,yes
HGDP00602,Druze,Israel (Carmel),Middle East,Middle_Est,M,yes,yes
HGDP00603,Druze,Israel (Carmel),Middle East,Middle_Est,M,yes,no
HGDP00604,Druze,Israel (Carmel),Middle East,Middle_Est,M,yes,yes
HGDP00605,Druze,Israel (Carmel),Middle East,Middle_Est,M,yes,no
HGDP00606,Druze,Israel (Carmel),Middle East,Middle_Est,F,yes,yes
HGDP00607,Bedouin,Israel (Negev),Middle East,Middle_Est,F,yes,yes
HGDP00608,Bedouin,Israel (Negev),Middle East,Middle_Est,M,yes,yes
HGDP00609,Bedouin,Israel (Negev),Middle East,Middle_Est,M,yes,yes
HGDP00610,Bedouin,Israel (Negev),Middle East,Middle_Est,M,yes,yes
HGDP00611,Bedouin,Israel (Negev),Middle East,Middle_Est,M,yes,yes
HGDP00612,Bedouin,Israel (Negev),Middle East,Middle_Est,F,yes,yes
HGDP00613,Bedouin,Israel (Negev),Middle East,Middle_Est,F,yes,yes
HGDP00614,Bedouin,Israel (Negev),Middle East,Middle_Est,F,yes,yes
HGDP00615,Bedouin,Israel (Negev),Middle East,Middle_Est,F,yes,yes
HGDP00616,Bedouin,Israel (Negev),Middle East,Middle_Est,M,yes,yes
HGDP00617,Bedouin,Israel (Negev),Middle East,Middle_Est,M,yes,no
HGDP00618,Bedouin,Israel (Negev),Middle East,Middle_Est,M,yes,yes
HGDP00619,Bedouin,Israel (Negev),Middle East,Middle_Est,M,yes,yes
HGDP00620,Bedouin,Israel (Negev),Middle East,Middle_Est,M,yes,yes
HGDP00621,Bedouin,Israel (Negev),Middle East,Middle_Est,M,yes,yes
HGDP00622,Bedouin,Israel (Negev),Middle East,Middle_Est,M,yes,yes
HGDP00623,Bedouin,Israel (Negev),Middle East,Middle_Est,M,yes,yes
HGDP00624,Bedouin,Israel (Negev),Middle East,Middle_Est,M,yes,yes
HGDP00625,Bedouin,Israel (Negev),Middle East,Middle_Est,M,yes,yes
HGDP00626,Bedouin,Israel (Negev),Middle East,Middle_Est,M,yes,yes
HGDP00627,Bedouin,Israel (Negev),Middle East,Middle_Est,M,yes,yes
HGDP00628,Bedouin,Israel (Negev),Middle East,Middle_Est,M,yes,yes
HGDP00629,Bedouin,Israel (Negev),Middle East,Middle_Est,M,yes,yes
HGDP00630,Bedouin,Israel (Negev),Middle East,Middle_Est,M,yes,yes
HGDP00631,Bedouin,Israel (Negev),Middle East,Middle_Est,M,yes,yes
HGDP00632,Bedouin,Israel (Negev),Middle East,Middle_Est,F,yes,yes
HGDP00633,Bedouin,Israel (Negev),Middle East,Middle_Est,F,yes,no
HGDP00634,Bedouin,Israel (Negev),Middle East,Middle_Est,F,yes,yes
HGDP00635,Bedouin,Israel (Negev),Middle East,Middle_Est,F,yes,yes
HGDP00636,Bedouin,Israel (Negev),Middle East,Middle_Est,F,yes,yes
HGDP00637,Bedouin,Israel (Negev),Middle East,Middle_Est,F,yes,yes
HGDP00638,Bedouin,Israel (Negev),Middle East,Middle_Est,F,yes,yes
HGDP00639,Bedouin,Israel (Negev),Middle East,Middle_Est,M,yes,yes
HGDP00640,Bedouin,Israel (Negev),Middle East,Middle_Est,M,yes,yes
HGDP00641,Bedouin,Israel (Negev),Middle East,Middle_Est,M,yes,yes
HGDP00642,Bedouin,Israel (Negev),Middle East,Middle_Est,M,yes,yes
HGDP00643,Bedouin,Israel (Negev),Middle East,Middle_Est,F,yes,yes
HGDP00644,Bedouin,Israel (Negev),Middle East,Middle_Est,M,yes,yes
HGDP00645,Bedouin,Israel (Negev),Middle East,Middle_Est,M,yes,yes
HGDP00646,Bedouin,Israel (Negev),Middle East,Middle_Est,F,yes,yes
HGDP00647,Bedouin,Israel (Negev),Middle East,Middle_Est,F,yes,yes
HGDP00648,Bedouin,Israel (Negev),Middle East,Middle_Est,M,yes,yes
HGDP00649,Bedouin,Israel (Negev),Middle East,Middle_Est,F,yes,yes
HGDP00650,Bedouin,Israel (Negev),Middle East,Middle_Est,F,yes,yes
HGDP00651,Bedouin,Israel (Negev),Middle East,Middle_Est,F,yes,yes
HGDP00652,Bedouin,Israel (Negev),Middle East,Middle_Est,F,yes,no
HGDP00653,Bedouin,Israel (Negev),Middle East,Middle_Est,F,yes,yes
HGDP00654,Bedouin,Israel (Negev),Middle East,Middle_Est,M,yes,yes
HGDP00655,NAN_Melanesian,Bougainville,Oceania,Oceania,M,yes,yes
HGDP00656,NAN_Melanesian,Bougainville,Oceania,Oceania,F,yes,yes
HGDP00657,NAN_Melanesian,Bougainville,Oceania,Oceania,F,yes,no
HGDP00658,NAN_Melanesian,Bougainville,Oceania,Oceania,F,yes,no
HGDP00659,NAN_Melanesian,Bougainville,Oceania,Oceania,F,yes,no
HGDP00660,NAN_Melanesian,Bougainville,Oceania,Oceania,F,yes,yes
HGDP00661,NAN_Melanesian,Bougainville,Oceania,Oceania,F,yes,yes
HGDP00662,NAN_Melanesian,Bougainville,Oceania,Oceania,M,yes,yes
HGDP00663,NAN_Melanesian,Bougainville,Oceania,Oceania,F,yes,yes
HGDP00664,NAN_Melanesian,Bougainville,Oceania,Oceania,F,yes,yes
HGDP00665,Sardinian,Italy,Europe,Europe,M,yes,yes
HGDP00666,Sardinian,Italy,Europe,Europe,M,yes,yes
HGDP00667,Sardinian,Italy,Europe,Europe,F,yes,yes
HGDP00668,Sardinian,Italy,Europe,Europe,M,yes,yes
HGDP00669,Sardinian,Italy,Europe,Europe,F,yes,yes
HGDP00670,Sardinian,Italy,Europe,Europe,M,yes,yes
HGDP00671,Sardinian,Italy,Europe,Europe,M,yes,yes
HGDP00672,Sardinian,Italy,Europe,Europe,F,yes,yes
HGDP00673,Sardinian,Italy,Europe,Europe,F,yes,yes
HGDP00674,Sardinian,Italy,Europe,Europe,M,yes,yes
HGDP00675,Palestinian,Israel (Central),Middle East,Middle_Est,M,yes,yes
HGDP00676,Palestinian,Israel (Central),Middle East,Middle_Est,M,yes,yes
HGDP00677,Palestinian,Israel (Central),Middle East,Middle_Est,M,yes,yes
HGDP00678,Palestinian,Israel (Central),Middle East,Middle_Est,M,yes,yes
HGDP00679,Palestinian,Israel (Central),Middle East,Middle_Est,F,yes,yes
HGDP00680,Palestinian,Israel (Central),Middle East,Middle_Est,F,yes,yes
HGDP00681,Palestinian,Israel (Central),Middle East,Middle_Est,F,yes,no
HGDP00682,Palestinian,Israel (Central),Middle East,Middle_Est,F,yes,yes
HGDP00683,Palestinian,Israel (Central),Middle East,Middle_Est,F,yes,yes
HGDP00684,Palestinian,Israel (Central),Middle East,Middle_Est,F,yes,yes
HGDP00685,Palestinian,Israel (Central),Middle East,Middle_Est,F,yes,yes
HGDP00686,Palestinian,Israel (Central),Middle East,Middle_Est,F,yes,yes
HGDP00687,Palestinian,Israel (Central),Middle East,Middle_Est,F,yes,yes
HGDP00688,Palestinian,Israel (Central),Middle East,Middle_Est,F,yes,yes
HGDP00689,Palestinian,Israel (Central),Middle East,Middle_Est,F,yes,yes
HGDP00690,Palestinian,Israel (Central),Middle East,Middle_Est,F,yes,yes
HGDP00691,Palestinian,Israel (Central),Middle East,Middle_Est,F,yes,yes
HGDP00692,Palestinian,Israel (Central),Middle East,Middle_Est,F,yes,yes
HGDP00693,Palestinian,Israel (Central),Middle East,Middle_Est,F,yes,yes
HGDP00694,Palestinian,Israel (Central),Middle East,Middle_Est,F,yes,yes
HGDP00695,Palestinian,Israel (Central),Middle East,Middle_Est,F,yes,no
HGDP00696,Palestinian,Israel (Central),Middle East,Middle_Est,F,yes,yes
HGDP00697,Palestinian,Israel (Central),Middle East,Middle_Est,F,yes,yes
HGDP00698,Palestinian,Israel (Central),Middle East,Middle_Est,F,yes,yes
HGDP00699,Palestinian,Israel (Central),Middle East,Middle_Est,F,yes,yes
HGDP00700,Palestinian,Israel (Central),Middle East,Middle_Est,F,yes,yes
HGDP00701,Bedouin,Israel (Negev),Middle East,Middle_Est,F,yes,yes
HGDP00702,Colombian,Colombia,America,America,F,yes,yes
HGDP00703,Colombian,Colombia,America,America,M,yes,yes
HGDP00704,Colombian,Colombia,America,America,F,yes,yes
HGDP00705,Colombian,Colombia,America,America,M,yes,no
HGDP00706,Colombian,Colombia,America,America,F,yes,yes
HGDP00707,Colombian,Colombia,America,America,F,yes,no
HGDP00708,Colombian,Colombia,America,America,F,yes,yes
HGDP00709,Colombian,Colombia,America,America,M,yes,no
HGDP00710,Colombian,Colombia,America,America,M,yes,yes
HGDP00711,Cambodian,Cambodia,Asia,Est_Asia,M,yes,yes
HGDP00712,Cambodian,Cambodia,Asia,Est_Asia,F,yes,yes
HGDP00713,Cambodian,Cambodia,Asia,Est_Asia,F,yes,yes
HGDP00714,Cambodian,Cambodia,Asia,Est_Asia,M,yes,yes
HGDP00715,Cambodian,Cambodia,Asia,Est_Asia,M,yes,yes
HGDP00716,Cambodian,Cambodia,Asia,Est_Asia,M,yes,yes
HGDP00717,Cambodian,Cambodia,Asia,Est_Asia,M,yes,yes
HGDP00718,Cambodian,Cambodia,Asia,Est_Asia,F,yes,no
HGDP00719,Cambodian,Cambodia,Asia,Est_Asia,F,yes,yes
HGDP00720,Cambodian,Cambodia,Asia,Est_Asia,M,yes,yes
HGDP00721,Cambodian,Cambodia,Asia,Est_Asia,F,yes,yes
HGDP00722,Palestinian,Israel (Central),Middle East,Middle_Est,M,yes,yes
HGDP00723,Palestinian,Israel (Central),Middle East,Middle_Est,M,yes,yes
HGDP00724,Palestinian,Israel (Central),Middle East,Middle_Est,M,yes,yes
HGDP00725,Palestinian,Israel (Central),Middle East,Middle_Est,M,yes,yes
HGDP00726,Palestinian,Israel (Central),Middle East,Middle_Est,M,yes,yes
HGDP00727,Palestinian,Israel (Central),Middle East,Middle_Est,M,yes,yes
HGDP00728,Palestinian,Israel (Central),Middle East,Middle_Est,M,yes,no
HGDP00729,Palestinian,Israel (Central),Middle East,Middle_Est,M,yes,yes
HGDP00730,Palestinian,Israel (Central),Middle East,Middle_Est,M,yes,yes
HGDP00731,Palestinian,Israel (Central),Middle East,Middle_Est,M,yes,yes
HGDP00732,Palestinian,Israel (Central),Middle East,Middle_Est,M,yes,yes
HGDP00733,Palestinian,Israel (Central),Middle East,Middle_Est,M,yes,yes
HGDP00734,Palestinian,Israel (Central),Middle East,Middle_Est,M,yes,yes
HGDP00735,Palestinian,Israel (Central),Middle East,Middle_Est,F,yes,yes
HGDP00736,Palestinian,Israel (Central),Middle East,Middle_Est,F,yes,yes
HGDP00737,Palestinian,Israel (Central),Middle East,Middle_Est,F,yes,yes
HGDP00738,Palestinian,Israel (Central),Middle East,Middle_Est,F,yes,yes
HGDP00739,Palestinian,Israel (Central),Middle East,Middle_Est,F,yes,yes
HGDP00740,Palestinian,Israel (Central),Middle East,Middle_Est,F,yes,yes
HGDP00741,Palestinian,Israel (Central),Middle East,Middle_Est,F,yes,yes
HGDP00742,Palestinian,Israel (Central),Middle East,Middle_Est,F,yes,no
HGDP00743,Palestinian,Israel (Central),Middle East,Middle_Est,F,yes,no
HGDP00744,Palestinian,Israel (Central),Middle East,Middle_Est,F,yes,yes
HGDP00745,Palestinian,Israel (Central),Middle East,Middle_Est,F,yes,yes
HGDP00746,Palestinian,Israel (Central),Middle East,Middle_Est,F,yes,yes
HGDP00747,Japanese,Japan,Asia,Est_Asia,M,yes,yes
HGDP00748,Japanese,Japan,Asia,Est_Asia,M,yes,yes
HGDP00749,Japanese,Japan,Asia,Est_Asia,M,yes,yes
HGDP00750,Japanese,Japan,Asia,Est_Asia,M,yes,yes
HGDP00751,Japanese,Japan,Asia,Est_Asia,M,yes,yes
HGDP00752,Japanese,Japan,Asia,Est_Asia,M,yes,yes
HGDP00753,Japanese,Japan,Asia,Est_Asia,M,yes,yes
HGDP00754,Japanese,Japan,Asia,Est_Asia,F,yes,yes
HGDP00755,Japanese,Japan,Asia,Est_Asia,M,yes,yes
HGDP00756,Japanese,Japan,Asia,Est_Asia,F,yes,yes
HGDP00757,Japanese,Japan,Asia,Est_Asia,M,yes,yes
HGDP00758,Japanese,Japan,Asia,Est_Asia,M,yes,yes
HGDP00759,Japanese,Japan,Asia,Est_Asia,M,yes,yes
HGDP00760,Japanese,Japan,Asia,Est_Asia,F,yes,yes
HGDP00761,Japanese,Japan,Asia,Est_Asia,F,yes,yes
HGDP00762,Japanese,Japan,Asia,Est_Asia,M,yes,yes
HGDP00763,Japanese,Japan,Asia,Est_Asia,M,yes,yes
HGDP00764,Japanese,Japan,Asia,Est_Asia,M,yes,yes
HGDP00765,Japanese,Japan,Asia,Est_Asia,F,yes,yes
HGDP00766,Japanese,Japan,Asia,Est_Asia,M,yes,yes
HGDP00767,Japanese,Japan,Asia,Est_Asia,M,yes,yes
HGDP00768,Japanese,Japan,Asia,Est_Asia,M,yes,yes
HGDP00769,Japanese,Japan,Asia,Est_Asia,M,yes,yes
HGDP00770,Japanese,Japan,Asia,Est_Asia,M,yes,no
HGDP00771,Japanese,Japan,Asia,Est_Asia,F,yes,yes
HGDP00772,Japanese,Japan,Asia,Est_Asia,F,yes,yes
HGDP00773,Japanese,Japan,Asia,Est_Asia,F,yes,yes
HGDP00774,Han,China,Asia,Est_Asia,M,yes,yes
HGDP00775,Han,China,Asia,Est_Asia,M,yes,yes
HGDP00776,Han,China,Asia,Est_Asia,F,yes,yes
HGDP00777,Han,China,Asia,Est_Asia,M,yes,yes
HGDP00778,Han,China,Asia,Est_Asia,M,yes,yes
HGDP00779,Han,China,Asia,Est_Asia,M,yes,yes
HGDP00780,Han,China,Asia,Est_Asia,M,yes,yes
HGDP00781,Han,China,Asia,Est_Asia,F,yes,yes
HGDP00782,Han,China,Asia,Est_Asia,M,yes,yes
HGDP00783,Han,China,Asia,Est_Asia,F,yes,yes
HGDP00784,Han,China,Asia,Est_Asia,F,yes,yes
HGDP00785,Han,China,Asia,Est_Asia,M,yes,yes
HGDP00786,Han,China,Asia,Est_Asia,M,yes,yes
HGDP00787,NAN_Melanesian,Bougainville,Oceania,Oceania,F,yes,yes
HGDP00788,NAN_Melanesian,Bougainville,Oceania,Oceania,M,yes,yes
HGDP00789,NAN_Melanesian,Bougainville,Oceania,Oceania,M,yes,no
HGDP00790,Japanese,Japan,Asia,Est_Asia,M,yes,yes
HGDP00791,Japanese,Japan,Asia,Est_Asia,M,yes,yes
HGDP00792,Colombian,Colombia,America,America,M,yes,no
HGDP00793,Colombian,Colombia,America,America,F,yes,no
HGDP00794,Orcadian,Orkney Islands,Europe,Europe,F,yes,yes
HGDP00795,Orcadian,Orkney Islands,Europe,Europe,M,yes,yes
HGDP00796,Orcadian,Orkney Islands,Europe,Europe,F,yes,yes
HGDP00797,Orcadian,Orkney Islands,Europe,Europe,F,yes,yes
HGDP00798,Orcadian,Orkney Islands,Europe,Europe,M,yes,yes
HGDP00799,Orcadian,Orkney Islands,Europe,Europe,F,yes,yes
HGDP00800,Orcadian,Orkney Islands,Europe,Europe,F,yes,yes
HGDP00801,Orcadian,Orkney Islands,Europe,Europe,F,yes,no
HGDP00802,Orcadian,Orkney Islands,Europe,Europe,F,yes,yes
HGDP00803,Orcadian,Orkney Islands,Europe,Europe,M,yes,yes
HGDP00804,Orcadian,Orkney Islands,Europe,Europe,M,yes,yes
HGDP00805,Orcadian,Orkney Islands,Europe,Europe,F,yes,yes
HGDP00806,Orcadian,Orkney Islands,Europe,Europe,F,yes,yes
HGDP00807,Orcadian,Orkney Islands,Europe,Europe,M,yes,yes
HGDP00808,Orcadian,Orkney Islands,Europe,Europe,M,yes,yes
HGDP00810,Orcadian,Orkney Islands,Europe,Europe,M,yes,yes
HGDP00811,Han,China,Asia,Est_Asia,F,yes,yes
HGDP00812,Han,China,Asia,Est_Asia,F,yes,yes
HGDP00813,Han,China,Asia,Est_Asia,F,yes,yes
HGDP00814,Han,China,Asia,Est_Asia,F,yes,yes
HGDP00815,Han,China,Asia,Est_Asia,M,yes,yes
HGDP00817,Han,China,Asia,Est_Asia,F,yes,yes
HGDP00818,Han,China,Asia,Est_Asia,F,yes,yes
HGDP00819,Han,China,Asia,Est_Asia,M,yes,yes
HGDP00820,Han,China,Asia,Est_Asia,F,yes,yes
HGDP00821,Han,China,Asia,Est_Asia,M,yes,yes
HGDP00822,Han,China,Asia,Est_Asia,M,yes,yes
HGDP00823,NAN_Melanesian,Bougainville,Oceania,Oceania,M,yes,no
HGDP00824,NAN_Melanesian,Bougainville,Oceania,Oceania,M,yes,no
HGDP00825,NAN_Melanesian,Bougainville,Oceania,Oceania,F,yes,no
HGDP00826,NAN_Melanesian,Bougainville,Oceania,Oceania,F,yes,no
HGDP00827,Colombian,Colombia,America,America,F,yes,no
HGDP00828,Japanese,Japan,Asia,Est_Asia,M,yes,yes
HGDP00830,Surui,Brazil,America,America,F,yes,no
HGDP00832,Surui,Brazil,America,America,F,yes,yes
HGDP00833,Surui,Brazil,America,America,F,yes,no
HGDP00834,Surui,Brazil,America,America,M,yes,no
HGDP00835,Surui,Brazil,America,America,M,yes,no
HGDP00837,Surui,Brazil,America,America,M,yes,yes
HGDP00838,Surui,Brazil,America,America,F,yes,yes
HGDP00839,Surui,Brazil,America,America,M,yes,no
HGDP00840,Surui,Brazil,America,America,F,yes,no
HGDP00841,Surui,Brazil,America,America,F,yes,no
HGDP00842,Surui,Brazil,America,America,M,yes,no
HGDP00843,Surui,Brazil,America,America,M,yes,yes
HGDP00844,Surui,Brazil,America,America,M,yes,no
HGDP00845,Surui,Brazil,America,America,M,yes,yes
HGDP00846,Surui,Brazil,America,America,F,yes,yes
HGDP00847,Surui,Brazil,America,America,M,yes,no
HGDP00848,Surui,Brazil,America,America,F,yes,no
HGDP00849,Surui,Brazil,America,America,M,yes,yes
HGDP00850,Surui,Brazil,America,America,F,yes,no
HGDP00851,Surui,Brazil,America,America,M,yes,no
HGDP00852,Surui,Brazil,America,America,F,yes,yes
HGDP00854,Maya,Mexico,America,America,F,yes,yes
HGDP00855,Maya,Mexico,America,America,F,yes,yes
HGDP00856,Maya,Mexico,America,America,M,yes,yes
HGDP00857,Maya,Mexico,America,America,F,yes,yes
HGDP00858,Maya,Mexico,America,America,F,yes,yes
HGDP00859,Maya,Mexico,America,America,F,yes,yes
HGDP00860,Maya,Mexico,America,America,F,yes,yes
HGDP00861,Maya,Mexico,America,America,F,yes,yes
HGDP00862,Maya,Mexico,America,America,F,yes,yes
HGDP00863,Maya,Mexico,America,America,F,yes,yes
HGDP00864,Maya,Mexico,America,America,F,yes,yes
HGDP00865,Maya,Mexico,America,America,F,yes,yes
HGDP00866,Maya,Mexico,America,America,F,yes,no
HGDP00867,Maya,Mexico,America,America,F,yes,no
HGDP00868,Maya,Mexico,America,America,F,yes,yes
HGDP00869,Maya,Mexico,America,America,F,yes,yes
HGDP00870,Maya,Mexico,America,America,F,yes,yes
HGDP00871,Maya,Mexico,America,America,F,yes,yes
HGDP00872,Maya,Mexico,America,America,F,yes,yes
HGDP00873,Maya,Mexico,America,America,F,yes,yes
HGDP00874,Maya,Mexico,America,America,F,yes,no
HGDP00875,Maya,Mexico,America,America,F,yes,yes
HGDP00876,Maya,Mexico,America,America,F,yes,yes
HGDP00877,Maya,Mexico,America,America,M,yes,yes
HGDP00878,Maya,Mexico,America,America,M,yes,no
HGDP00879,Russian,Russia,Europe,Europe,M,yes,yes
HGDP00880,Russian,Russia,Europe,Europe,M,yes,yes
HGDP00881,Russian,Russia,Europe,Europe,F,yes,yes
HGDP00882,Russian,Russia,Europe,Europe,M,yes,yes
HGDP00883,Russian,Russia,Europe,Europe,M,yes,yes
HGDP00884,Russian,Russia,Europe,Europe,F,yes,yes
HGDP00885,Russian,Russia,Europe,Europe,F,yes,yes
HGDP00886,Russian,Russia,Europe,Europe,M,yes,yes
HGDP00887,Russian,Russia,Europe,Europe,M,yes,yes
HGDP00888,Russian,Russia,Europe,Europe,M,yes,yes
HGDP00889,Russian,Russia,Europe,Europe,F,yes,yes
HGDP00890,Russian,Russia,Europe,Europe,M,yes,yes
HGDP00891,Russian,Russia,Europe,Europe,M,yes,yes
HGDP00892,Russian,Russia,Europe,Europe,M,yes,yes
HGDP00893,Russian,Russia,Europe,Europe,M,yes,yes
HGDP00894,Russian,Russia,Europe,Europe,M,yes,yes
HGDP00895,Russian,Russia,Europe,Europe,M,yes,yes
HGDP00896,Russian,Russia,Europe,Europe,M,yes,yes
HGDP00897,Russian,Russia,Europe,Europe,M,yes,yes
HGDP00898,Russian,Russia,Europe,Europe,F,yes,yes
HGDP00899,Russian,Russia,Europe,Europe,F,yes,yes
HGDP00900,Russian,Russia,Europe,Europe,M,yes,yes
HGDP00901,Russian,Russia,Europe,Europe,F,yes,yes
HGDP00902,Russian,Russia,Europe,Europe,F,yes,yes
HGDP00903,Russian,Russia,Europe,Europe,F,yes,yes
HGDP00904,Mandenka,Senegal,Subsaharan Africa,Africa,M,yes,yes
HGDP00905,Mandenka,Senegal,Subsaharan Africa,Africa,M,yes,yes
HGDP00906,Mandenka,Senegal,Subsaharan Africa,Africa,M,yes,yes
HGDP00907,Mandenka,Senegal,Subsaharan Africa,Africa,M,yes,yes
HGDP00908,Mandenka,Senegal,Subsaharan Africa,Africa,M,yes,yes
HGDP00909,Mandenka,Senegal,Subsaharan Africa,Africa,F,yes,yes
HGDP00910,Mandenka,Senegal,Subsaharan Africa,Africa,F,yes,yes
HGDP00911,Mandenka,Senegal,Subsaharan Africa,Africa,M,yes,yes
HGDP00912,Mandenka,Senegal,Subsaharan Africa,Africa,M,yes,yes
HGDP00913,Mandenka,Senegal,Subsaharan Africa,Africa,M,yes,yes
HGDP00914,Mandenka,Senegal,Subsaharan Africa,Africa,F,yes,yes
HGDP00915,Mandenka,Senegal,Subsaharan Africa,Africa,F,yes,yes
HGDP00916,Mandenka,Senegal,Subsaharan Africa,Africa,F,yes,no
HGDP00917,Mandenka,Senegal,Subsaharan Africa,Africa,F,yes,yes
HGDP00918,Mandenka,Senegal,Subsaharan Africa,Africa,F,yes,yes
HGDP00919,Mandenka,Senegal,Subsaharan Africa,Africa,M,yes,no
HGDP00920,Yoruba,Nigeria,Subsaharan Africa,Africa,F,yes,yes
HGDP00921,Yoruba,Nigeria,Subsaharan Africa,Africa,F,yes,no
HGDP00922,Yoruba,Nigeria,Subsaharan Africa,Africa,F,yes,no
HGDP00923,Yoruba,Nigeria,Subsaharan Africa,Africa,M,yes,no
HGDP00924,Yoruba,Nigeria,Subsaharan Africa,Africa,F,yes,yes
HGDP00925,Yoruba,Nigeria,Subsaharan Africa,Africa,F,yes,yes
HGDP00926,Yoruba,Nigeria,Subsaharan Africa,Africa,F,yes,yes
HGDP00927,Yoruba,Nigeria,Subsaharan Africa,Africa,M,yes,yes
HGDP00928,Yoruba,Nigeria,Subsaharan Africa,Africa,F,yes,yes
HGDP00929,Yoruba,Nigeria,Subsaharan Africa,Africa,M,yes,yes
HGDP00930,Yoruba,Nigeria,Subsaharan Africa,Africa,M,yes,yes
HGDP00931,Yoruba,Nigeria,Subsaharan Africa,Africa,M,yes,yes
HGDP00932,Yoruba,Nigeria,Subsaharan Africa,Africa,M,yes,yes
HGDP00933,Yoruba,Nigeria,Subsaharan Africa,Africa,F,yes,yes
HGDP00934,Yoruba,Nigeria,Subsaharan Africa,Africa,F,yes,yes
HGDP00935,Yoruba,Nigeria,Subsaharan Africa,Africa,F,yes,yes
HGDP00936,Yoruba,Nigeria,Subsaharan Africa,Africa,M,yes,yes
HGDP00937,Yoruba,Nigeria,Subsaharan Africa,Africa,M,yes,yes
HGDP00938,Yoruba,Nigeria,Subsaharan Africa,Africa,F,yes,yes
HGDP00939,Yoruba,Nigeria,Subsaharan Africa,Africa,F,yes,yes
HGDP00940,Yoruba,Nigeria,Subsaharan Africa,Africa,M,yes,yes
HGDP00941,Yoruba,Nigeria,Subsaharan Africa,Africa,M,yes,yes
HGDP00942,Yoruba,Nigeria,Subsaharan Africa,Africa,M,yes,yes
HGDP00943,Yoruba,Nigeria,Subsaharan Africa,Africa,M,yes,yes
HGDP00944,Yoruba,Nigeria,Subsaharan Africa,Africa,M,yes,yes
HGDP00945,Yakut,Siberia,Asia,Est_Asia,M,yes,yes
HGDP00946,Yakut,Siberia,Asia,Est_Asia,M,yes,yes
HGDP00947,Yakut,Siberia,Asia,Est_Asia,M,yes,yes
HGDP00948,Yakut,Siberia,Asia,Est_Asia,M,yes,yes
HGDP00949,Yakut,Siberia,Asia,Est_Asia,M,yes,yes
HGDP00950,Yakut,Siberia,Asia,Est_Asia,M,yes,yes
HGDP00951,Yakut,Siberia,Asia,Est_Asia,M,yes,yes
HGDP00952,Yakut,Siberia,Asia,Est_Asia,M,yes,yes
HGDP00953,Yakut,Siberia,Asia,Est_Asia,M,yes,yes
HGDP00954,Yakut,Siberia,Asia,Est_Asia,M,yes,yes
HGDP00955,Yakut,Siberia,Asia,Est_Asia,F,yes,yes
HGDP00956,Yakut,Siberia,Asia,Est_Asia,F,yes,yes
HGDP00957,Yakut,Siberia,Asia,Est_Asia,F,yes,yes
HGDP00958,Yakut,Siberia,Asia,Est_Asia,M,yes,yes
HGDP00959,Yakut,Siberia,Asia,Est_Asia,F,yes,yes
HGDP00960,Yakut,Siberia,Asia,Est_Asia,M,yes,yes
HGDP00961,Yakut,Siberia,Asia,Est_Asia,M,yes,yes
HGDP00962,Yakut,Siberia,Asia,Est_Asia,M,yes,yes
HGDP00963,Yakut,Siberia,Asia,Est_Asia,F,yes,yes
HGDP00964,Yakut,Siberia,Asia,Est_Asia,M,yes,yes
HGDP00965,Yakut,Siberia,Asia,Est_Asia,M,yes,yes
HGDP00966,Yakut,Siberia,Asia,Est_Asia,F,yes,yes
HGDP00967,Yakut,Siberia,Asia,Est_Asia,F,yes,yes
HGDP00968,Yakut,Siberia,Asia,Est_Asia,M,yes,yes
HGDP00969,Yakut,Siberia,Asia,Est_Asia,M,yes,yes
HGDP00970,Colombian,Colombia,America,America,F,yes,yes
HGDP00971,Han,China,Asia,Est_Asia,M,yes,yes
HGDP00972,Han,China,Asia,Est_Asia,F,yes,yes
HGDP00973,Han,China,Asia,Est_Asia,M,yes,yes
HGDP00974,Han,China,Asia,Est_Asia,F,yes,yes
HGDP00975,Han,China,Asia,Est_Asia,F,yes,yes
HGDP00976,Han,China,Asia,Est_Asia,F,yes,yes
HGDP00977,Han,China,Asia,Est_Asia,M,yes,yes
HGDP00978,NAN_Melanesian,Bougainville,Oceania,Oceania,F,yes,no
HGDP00979,NAN_Melanesian,Bougainville,Oceania,Oceania,F,yes,no
HGDP00980,Biaka_Pygmy,Central African Republic,Subsaharan Africa,Africa,F,yes,no
HGDP00981,Biaka_Pygmy,Central African Republic,Subsaharan Africa,Africa,M,yes,no
HGDP00982,Mbuti_Pygmy,Democratic Republic of Congo,Subsaharan Africa,Africa,M,yes,yes
HGDP00983,Mbuti_Pygmy,Democratic Republic of Congo,Subsaharan Africa,Africa,M,yes,no
HGDP00984,Mbuti_Pygmy,Democratic Republic of Congo,Subsaharan Africa,Africa,M,yes,yes
HGDP00985,Biaka_Pygmy,Central African Republic,Subsaharan Africa,Africa,M,yes,yes
HGDP00986,Biaka_Pygmy,Central African Republic,Subsaharan Africa,Africa,M,yes,yes
HGDP00987,San,Namibia,Subsaharan Africa,Africa,M,yes,yes
HGDP00988,San,Namibia,Subsaharan Africa,Africa,M,yes,no
HGDP00991,San,Namibia,Subsaharan Africa,Africa,M,yes,yes
HGDP00992,San,Namibia,Subsaharan Africa,Africa,M,yes,yes
HGDP00993,Bantu_S.E._Pedi,South Africa,Subsaharan Africa,Africa,M,yes,yes
HGDP00994,Bantu_S.E._S.Sotho,South Africa,Subsaharan Africa,Africa,M,yes,yes
HGDP00995,Karitiana,Brazil,America,America,F,yes,yes
HGDP00996,Karitiana,Brazil,America,America,F,yes,no
HGDP00997,Karitiana,Brazil,America,America,M,yes,no
HGDP00998,Karitiana,Brazil,America,America,M,yes,yes
HGDP00999,Karitiana,Brazil,America,America,F,yes,yes
HGDP01000,Karitiana,Brazil,America,America,M,yes,no
HGDP01001,Karitiana,Brazil,America,America,F,yes,yes
HGDP01003,Karitiana,Brazil,America,America,F,yes,yes
HGDP01004,Karitiana,Brazil,America,America,M,yes,no
HGDP01005,Karitiana,Brazil,America,America,M,yes,no
HGDP01006,Karitiana,Brazil,America,America,F,yes,yes
HGDP01007,Karitiana,Brazil,America,America,F,yes,no
HGDP01008,Karitiana,Brazil,America,America,F,yes,no
HGDP01009,Karitiana,Brazil,America,America,M,yes,yes
HGDP01010,Karitiana,Brazil,America,America,F,yes,yes
HGDP01011,Karitiana,Brazil,America,America,F,yes,no
HGDP01012,Karitiana,Brazil,America,America,M,yes,yes
HGDP01013,Karitiana,Brazil,America,America,M,yes,yes
HGDP01014,Karitiana,Brazil,America,America,F,yes,yes
HGDP01015,Karitiana,Brazil,America,America,M,yes,yes
HGDP01016,Karitiana,Brazil,America,America,F,yes,no
HGDP01017,Karitiana,Brazil,America,America,F,yes,no
HGDP01018,Karitiana,Brazil,America,America,F,yes,yes
HGDP01019,Karitiana,Brazil,America,America,M,yes,yes
HGDP01021,Han,China,Asia,Est_Asia,F,yes,yes
HGDP01022,Han,China,Asia,Est_Asia,F,yes,no
HGDP01023,Han,China,Asia,Est_Asia,F,yes,yes
HGDP01024,Han,China,Asia,Est_Asia,F,yes,yes
HGDP01025,Japanese,Japan,Asia,Est_Asia,M,yes,no
HGDP01027,NAN_Melanesian,Bougainville,Oceania,Oceania,F,yes,yes
HGDP01028,Bantu_S.W._Herero,South Africa,Subsaharan Africa,Africa,M,yes,yes
HGDP01029,San,Namibia,Subsaharan Africa,Africa,M,yes,yes
HGDP01030,Bantu_S.E._Tswana,South Africa,Subsaharan Africa,Africa,M,yes,yes
HGDP01031,Bantu_S.W._Ovambo,South Africa,Subsaharan Africa,Africa,M,yes,yes
HGDP01032,San,Namibia,Subsaharan Africa,Africa,M,yes,yes
HGDP01033,Bantu_S.E._Zulu,South Africa,Subsaharan Africa,Africa,M,yes,yes
HGDP01034,Bantu_S.E._Tswana,South Africa,Subsaharan Africa,Africa,M,yes,yes
HGDP01035,Bantu_S.W._Herero,South Africa,Subsaharan Africa,Africa,M,yes,yes
HGDP01036,San,Namibia,Subsaharan Africa,Africa,M,yes,yes
HGDP01037,Pima,Mexico,America,America,M,yes,yes
HGDP01038,Pima,Mexico,America,America,F,yes,no
HGDP01039,Pima,Mexico,America,America,M,yes,no
HGDP01040,Pima,Mexico,America,America,M,yes,no
HGDP01041,Pima,Mexico,America,America,F,yes,no
HGDP01042,Pima,Mexico,America,America,M,yes,yes
HGDP01043,Pima,Mexico,America,America,M,yes,yes
HGDP01044,Pima,Mexico,America,America,F,yes,yes
HGDP01045,Pima,Mexico,America,America,M,yes,no
HGDP01046,Pima,Mexico,America,America,F,yes,no
HGDP01047,Pima,Mexico,America,America,M,yes,yes
HGDP01048,Pima,Mexico,America,America,F,yes,no
HGDP01049,Pima,Mexico,America,America,F,yes,no
HGDP01050,Pima,Mexico,America,America,M,yes,yes
HGDP01051,Pima,Mexico,America,America,F,yes,yes
HGDP01052,Pima,Mexico,America,America,M,yes,no
HGDP01053,Pima,Mexico,America,America,F,yes,yes
HGDP01054,Pima,Mexico,America,America,F,yes,no
HGDP01055,Pima,Mexico,America,America,M,yes,yes
HGDP01056,Pima,Mexico,America,America,F,yes,yes
HGDP01057,Pima,Mexico,America,America,M,yes,yes
HGDP01058,Pima,Mexico,America,America,F,yes,yes
HGDP01059,Pima,Mexico,America,America,M,yes,yes
HGDP01060,Pima,Mexico,America,America,M,yes,yes
HGDP01061,Pima,Mexico,America,America,M,yes,no
HGDP01062,Sardinian,Italy,Europe,Europe,F,yes,yes
HGDP01063,Sardinian,Italy,Europe,Europe,M,yes,yes
HGDP01064,Sardinian,Italy,Europe,Europe,F,yes,yes
HGDP01065,Sardinian,Italy,Europe,Europe,F,yes,yes
HGDP01066,Sardinian,Italy,Europe,Europe,M,yes,yes
HGDP01067,Sardinian,Italy,Europe,Europe,M,yes,yes
HGDP01068,Sardinian,Italy,Europe,Europe,F,yes,yes
HGDP01069,Sardinian,Italy,Europe,Europe,M,yes,yes
HGDP01070,Sardinian,Italy,Europe,Europe,F,yes,yes
HGDP01071,Sardinian,Italy,Europe,Europe,M,yes,yes
HGDP01072,Sardinian,Italy,Europe,Europe,F,yes,yes
HGDP01073,Sardinian,Italy,Europe,Europe,M,yes,yes
HGDP01074,Sardinian,Italy,Europe,Europe,F,yes,yes
HGDP01075,Sardinian,Italy,Europe,Europe,M,yes,yes
HGDP01076,Sardinian,Italy,Europe,Europe,M,yes,yes
HGDP01077,Sardinian,Italy,Europe,Europe,M,yes,yes
HGDP01078,Sardinian,Italy,Europe,Europe,F,yes,yes
HGDP01079,Sardinian,Italy,Europe,Europe,M,yes,yes
HGDP01081,Mbuti_Pygmy,Democratic Republic of Congo,Subsaharan Africa,Africa,M,yes,yes
HGDP01084,Biaka_Pygmy,Central African Republic,Subsaharan Africa,Africa,F,yes,no
HGDP01085,Biaka_Pygmy,Central African Republic,Subsaharan Africa,Africa,F,yes,no
HGDP01086,Biaka_Pygmy,Central African Republic,Subsaharan Africa,Africa,M,yes,yes
HGDP01087,Biaka_Pygmy,Central African Republic,Subsaharan Africa,Africa,M,yes,no
HGDP01088,Biaka_Pygmy,Central African Republic,Subsaharan Africa,Africa,M,yes,no
HGDP01089,Biaka_Pygmy,Central African Republic,Subsaharan Africa,Africa,M,yes,no
HGDP01090,Biaka_Pygmy,Central African Republic,Subsaharan Africa,Africa,M,yes,yes
HGDP01091,Biaka_Pygmy,Central African Republic,Subsaharan Africa,Africa,M,yes,no
HGDP01092,Biaka_Pygmy,Central African Republic,Subsaharan Africa,Africa,M,yes,no
HGDP01093,Biaka_Pygmy,Central African Republic,Subsaharan Africa,Africa,M,yes,no
HGDP01094,Biaka_Pygmy,Central African Republic,Subsaharan Africa,Africa,M,yes,yes
HGDP01095,Tujia,China,Asia,Est_Asia,M,yes,yes
HGDP01096,Tujia,China,Asia,Est_Asia,M,yes,yes
HGDP01097,Tujia,China,Asia,Est_Asia,M,yes,yes
HGDP01098,Tujia,China,Asia,Est_Asia,F,yes,yes
HGDP01099,Tujia,China,Asia,Est_Asia,M,yes,yes
HGDP01100,Tujia,China,Asia,Est_Asia,M,yes,yes
HGDP01101,Tujia,China,Asia,Est_Asia,M,yes,yes
HGDP01102,Tujia,China,Asia,Est_Asia,M,yes,yes
HGDP01103,Tujia,China,Asia,Est_Asia,M,yes,yes
HGDP01104,Tujia,China,Asia,Est_Asia,M,yes,yes
HGDP01147,North_Italian,Italy (Bergamo),Europe,Europe,M,yes,yes
HGDP01149,North_Italian,Italy (Bergamo),Europe,Europe,M,yes,yes
HGDP01151,North_Italian,Italy (Bergamo),Europe,Europe,M,yes,yes
HGDP01152,North_Italian,Italy (Bergamo),Europe,Europe,M,yes,yes
HGDP01153,North_Italian,Italy (Bergamo),Europe,Europe,M,yes,yes
HGDP01154,North_Italian,Italy (Bergamo),Europe,Europe,M,yes,no
HGDP01155,North_Italian,Italy (Bergamo),Europe,Europe,M,yes,yes
HGDP01156,North_Italian,Italy (Bergamo),Europe,Europe,F,yes,yes
HGDP01157,North_Italian,Italy (Bergamo),Europe,Europe,F,yes,yes
HGDP01161,Tuscan,Italy,Europe,Europe,M,yes,yes
HGDP01162,Tuscan,Italy,Europe,Europe,M,yes,yes
HGDP01163,Tuscan,Italy,Europe,Europe,M,yes,yes
HGDP01164,Tuscan,Italy,Europe,Europe,M,yes,yes
HGDP01166,Tuscan,Italy,Europe,Europe,M,yes,yes
HGDP01167,Tuscan,Italy,Europe,Europe,M,yes,yes
HGDP01168,Tuscan,Italy,Europe,Europe,F,yes,yes
HGDP01169,Tuscan,Italy,Europe,Europe,F,yes,yes
HGDP01171,North_Italian,Italy (Bergamo),Europe,Europe,F,yes,yes
HGDP01172,North_Italian,Italy (Bergamo),Europe,Europe,F,yes,yes
HGDP01173,North_Italian,Italy (Bergamo),Europe,Europe,M,yes,yes
HGDP01174,North_Italian,Italy (Bergamo),Europe,Europe,M,yes,yes
HGDP01177,North_Italian,Italy (Bergamo),Europe,Europe,F,yes,yes
HGDP01179,Yizu,China,Asia,Est_Asia,M,yes,yes
HGDP01180,Yizu,China,Asia,Est_Asia,M,yes,yes
HGDP01181,Yizu,China,Asia,Est_Asia,M,yes,yes
HGDP01182,Yizu,China,Asia,Est_Asia,M,yes,yes
HGDP01183,Yizu,China,Asia,Est_Asia,M,yes,yes
HGDP01184,Yizu,China,Asia,Est_Asia,M,yes,yes
HGDP01185,Yizu,China,Asia,Est_Asia,M,yes,yes
HGDP01186,Yizu,China,Asia,Est_Asia,M,yes,yes
HGDP01187,Yizu,China,Asia,Est_Asia,M,yes,yes
HGDP01188,Yizu,China,Asia,Est_Asia,F,yes,yes
HGDP01189,Miaozu,China,Asia,Est_Asia,M,yes,yes
HGDP01190,Miaozu,China,Asia,Est_Asia,M,yes,yes
HGDP01191,Miaozu,China,Asia,Est_Asia,M,yes,yes
HGDP01192,Miaozu,China,Asia,Est_Asia,M,yes,yes
HGDP01193,Miaozu,China,Asia,Est_Asia,M,yes,yes
HGDP01194,Miaozu,China,Asia,Est_Asia,M,yes,yes
HGDP01195,Miaozu,China,Asia,Est_Asia,M,yes,yes
HGDP01196,Miaozu,China,Asia,Est_Asia,F,yes,yes
HGDP01197,Miaozu,China,Asia,Est_Asia,F,yes,yes
HGDP01198,Miaozu,China,Asia,Est_Asia,F,yes,yes
HGDP01199,Mandenka,Senegal,Subsaharan Africa,Africa,M,yes,yes
HGDP01200,Mandenka,Senegal,Subsaharan Africa,Africa,M,yes,yes
HGDP01201,Mandenka,Senegal,Subsaharan Africa,Africa,F,yes,yes
HGDP01202,Mandenka,Senegal,Subsaharan Africa,Africa,M,yes,yes
HGDP01203,Oroqen,China,Asia,Est_Asia,M,yes,yes
HGDP01204,Oroqen,China,Asia,Est_Asia,M,yes,yes
HGDP01205,Oroqen,China,Asia,Est_Asia,M,yes,yes
HGDP01206,Oroqen,China,Asia,Est_Asia,M,yes,yes
HGDP01207,Oroqen,China,Asia,Est_Asia,M,yes,yes
HGDP01208,Oroqen,China,Asia,Est_Asia,M,yes,yes
HGDP01209,Oroqen,China,Asia,Est_Asia,F,yes,yes
HGDP01210,Oroqen,China,Asia,Est_Asia,M,yes,no
HGDP01211,Oroqen,China,Asia,Est_Asia,F,yes,yes
HGDP01212,Oroqen,China,Asia,Est_Asia,F,yes,yes
HGDP01213,Daur,China,Asia,Est_Asia,M,yes,yes
HGDP01214,Daur,China,Asia,Est_Asia,M,yes,yes
HGDP01215,Daur,China,Asia,Est_Asia,F,yes,yes
HGDP01216,Daur,China,Asia,Est_Asia,M,yes,yes
HGDP01217,Daur,China,Asia,Est_Asia,M,yes,yes
HGDP01218,Daur,China,Asia,Est_Asia,M,yes,yes
HGDP01219,Daur,China,Asia,Est_Asia,F,yes,yes
HGDP01220,Daur,China,Asia,Est_Asia,M,yes,yes
HGDP01221,Daur,China,Asia,Est_Asia,M,yes,yes
HGDP01222,Daur,China,Asia,Est_Asia,F,yes,yes
HGDP01223,Mongola,China,Asia,Est_Asia,F,yes,yes
HGDP01224,Mongola,China,Asia,Est_Asia,M,yes,yes
HGDP01225,Mongola,China,Asia,Est_Asia,M,yes,yes
HGDP01226,Mongola,China,Asia,Est_Asia,M,yes,yes
HGDP01227,Mongola,China,Asia,Est_Asia,M,yes,yes
HGDP01228,Mongola,China,Asia,Est_Asia,M,yes,yes
HGDP01229,Mongola,China,Asia,Est_Asia,M,yes,yes
HGDP01230,Mongola,China,Asia,Est_Asia,M,yes,yes
HGDP01231,Mongola,China,Asia,Est_Asia,F,yes,yes
HGDP01232,Mongola,China,Asia,Est_Asia,F,yes,yes
HGDP01233,Hezhen,China,Asia,Est_Asia,M,yes,yes
HGDP01234,Hezhen,China,Asia,Est_Asia,F,yes,yes
HGDP01235,Hezhen,China,Asia,Est_Asia,M,yes,no
HGDP01236,Hezhen,China,Asia,Est_Asia,M,yes,yes
HGDP01237,Hezhen,China,Asia,Est_Asia,M,yes,yes
HGDP01238,Hezhen,China,Asia,Est_Asia,F,yes,yes
HGDP01239,Hezhen,China,Asia,Est_Asia,M,yes,yes
HGDP01240,Hezhen,China,Asia,Est_Asia,M,yes,yes
HGDP01241,Hezhen,China,Asia,Est_Asia,M,yes,yes
HGDP01242,Hezhen,China,Asia,Est_Asia,F,yes,yes
HGDP01243,Xibo,China,Asia,Est_Asia,M,yes,yes
HGDP01244,Xibo,China,Asia,Est_Asia,M,yes,yes
HGDP01245,Xibo,China,Asia,Est_Asia,M,yes,yes
HGDP01246,Xibo,China,Asia,Est_Asia,M,yes,yes
HGDP01247,Xibo,China,Asia,Est_Asia,M,yes,yes
HGDP01248,Xibo,China,Asia,Est_Asia,M,yes,yes
HGDP01249,Xibo,China,Asia,Est_Asia,M,yes,yes
HGDP01250,Xibo,China,Asia,Est_Asia,M,yes,yes
HGDP01251,Xibo,China,Asia,Est_Asia,F,yes,yes
HGDP01253,Mozabite,Algeria (Mzab),North Africa,Middle_Est,M,yes,yes
HGDP01254,Mozabite,Algeria (Mzab),North Africa,Middle_Est,F,yes,yes
HGDP01255,Mozabite,Algeria (Mzab),North Africa,Middle_Est,M,yes,yes
HGDP01256,Mozabite,Algeria (Mzab),North Africa,Middle_Est,M,yes,yes
HGDP01257,Mozabite,Algeria (Mzab),North Africa,Middle_Est,M,yes,yes
HGDP01258,Mozabite,Algeria (Mzab),North Africa,Middle_Est,M,yes,yes
HGDP01259,Mozabite,Algeria (Mzab),North Africa,Middle_Est,M,yes,yes
HGDP01260,Mozabite,Algeria (Mzab),North Africa,Middle_Est,M,yes,yes
HGDP01261,Mozabite,Algeria (Mzab),North Africa,Middle_Est,M,yes,yes
HGDP01262,Mozabite,Algeria (Mzab),North Africa,Middle_Est,M,yes,yes
HGDP01263,Mozabite,Algeria (Mzab),North Africa,Middle_Est,M,yes,yes
HGDP01264,Mozabite,Algeria (Mzab),North Africa,Middle_Est,M,yes,yes
HGDP01265,Mozabite,Algeria (Mzab),North Africa,Middle_Est,M,yes,yes
HGDP01266,Mozabite,Algeria (Mzab),North Africa,Middle_Est,M,yes,yes
HGDP01267,Mozabite,Algeria (Mzab),North Africa,Middle_Est,F,yes,yes
HGDP01268,Mozabite,Algeria (Mzab),North Africa,Middle_Est,M,yes,yes
HGDP01269,Mozabite,Algeria (Mzab),North Africa,Middle_Est,M,yes,yes
HGDP01270,Mozabite,Algeria (Mzab),North Africa,Middle_Est,F,yes,yes
HGDP01271,Mozabite,Algeria (Mzab),North Africa,Middle_Est,M,yes,yes
HGDP01272,Mozabite,Algeria (Mzab),North Africa,Middle_Est,M,yes,yes
HGDP01273,Mozabite,Algeria (Mzab),North Africa,Middle_Est,F,yes,yes
HGDP01274,Mozabite,Algeria (Mzab),North Africa,Middle_Est,F,yes,yes
HGDP01275,Mozabite,Algeria (Mzab),North Africa,Middle_Est,F,yes,yes
HGDP01276,Mozabite,Algeria (Mzab),North Africa,Middle_Est,F,yes,yes
HGDP01277,Mozabite,Algeria (Mzab),North Africa,Middle_Est,F,yes,yes
HGDP01278,Mozabite,Algeria (Mzab),North Africa,Middle_Est,M,yes,yes
HGDP01279,Mozabite,Algeria (Mzab),North Africa,Middle_Est,M,yes,yes
HGDP01280,Mozabite,Algeria (Mzab),North Africa,Middle_Est,F,yes,yes
HGDP01281,Mozabite,Algeria (Mzab),North Africa,Middle_Est,F,yes,no
HGDP01282,Mozabite,Algeria (Mzab),North Africa,Middle_Est,M,yes,yes
HGDP01283,Mandenka,Senegal,Subsaharan Africa,Africa,M,yes,yes
HGDP01284,Mandenka,Senegal,Subsaharan Africa,Africa,M,yes,yes
HGDP01285,Mandenka,Senegal,Subsaharan Africa,Africa,M,yes,yes
HGDP01286,Mandenka,Senegal,Subsaharan Africa,Africa,M,yes,yes
HGDP01287,Han,China,Asia,Est_Asia,F,yes,yes
HGDP01288,Han,China,Asia,Est_Asia,M,yes,yes
HGDP01289,Han,China,Asia,Est_Asia,M,yes,yes
HGDP01290,Han,China,Asia,Est_Asia,M,yes,yes
HGDP01291,Han,China,Asia,Est_Asia,F,yes,yes
HGDP01292,Han,China,Asia,Est_Asia,M,yes,yes
HGDP01293,Han,China,Asia,Est_Asia,M,yes,yes
HGDP01294,Han,China,Asia,Est_Asia,M,yes,yes
HGDP01295,Han,China,Asia,Est_Asia,M,yes,yes
HGDP01296,Han,China,Asia,Est_Asia,M,yes,yes
HGDP01297,Uygur,China,Asia,Central_South_Asia,M,yes,yes
HGDP01298,Uygur,China,Asia,Central_South_Asia,M,yes,yes
HGDP01299,Uygur,China,Asia,Central_South_Asia,M,yes,yes
HGDP01300,Uygur,China,Asia,Central_South_Asia,M,yes,yes
HGDP01301,Uygur,China,Asia,Central_South_Asia,M,yes,yes
HGDP01302,Uygur,China,Asia,Central_South_Asia,M,yes,yes
HGDP01303,Uygur,China,Asia,Central_South_Asia,M,yes,yes
HGDP01304,Uygur,China,Asia,Central_South_Asia,M,yes,yes
HGDP01305,Uygur,China,Asia,Central_South_Asia,F,yes,yes
HGDP01306,Uygur,China,Asia,Central_South_Asia,F,yes,yes
HGDP01307,Dai,China,Asia,Est_Asia,M,yes,yes
HGDP01308,Dai,China,Asia,Est_Asia,M,yes,yes
HGDP01309,Dai,China,Asia,Est_Asia,M,yes,yes
HGDP01310,Dai,China,Asia,Est_Asia,M,yes,yes
HGDP01311,Dai,China,Asia,Est_Asia,M,yes,yes
HGDP01312,Dai,China,Asia,Est_Asia,M,yes,yes
HGDP01313,Dai,China,Asia,Est_Asia,M,yes,yes
HGDP01314,Dai,China,Asia,Est_Asia,F,yes,yes
HGDP01315,Dai,China,Asia,Est_Asia,F,yes,yes
HGDP01316,Dai,China,Asia,Est_Asia,F,yes,yes
HGDP01317,Lahu,China,Asia,Est_Asia,M,yes,yes
HGDP01318,Lahu,China,Asia,Est_Asia,M,yes,yes
HGDP01319,Lahu,China,Asia,Est_Asia,M,yes,yes
HGDP01320,Lahu,China,Asia,Est_Asia,M,yes,yes
HGDP01321,Lahu,China,Asia,Est_Asia,M,yes,yes
HGDP01322,Lahu,China,Asia,Est_Asia,M,yes,yes
HGDP01323,Lahu,China,Asia,Est_Asia,F,yes,yes
HGDP01324,Lahu,China,Asia,Est_Asia,F,yes,no
HGDP01325,Lahu,China,Asia,Est_Asia,F,yes,no
HGDP01326,Lahu,China,Asia,Est_Asia,M,yes,yes
HGDP01327,She,China,Asia,Est_Asia,M,yes,yes
HGDP01328,She,China,Asia,Est_Asia,M,yes,yes
HGDP01329,She,China,Asia,Est_Asia,M,yes,yes
HGDP01330,She,China,Asia,Est_Asia,M,yes,yes
HGDP01331,She,China,Asia,Est_Asia,M,yes,yes
HGDP01332,She,China,Asia,Est_Asia,M,yes,yes
HGDP01333,She,China,Asia,Est_Asia,M,yes,yes
HGDP01334,She,China,Asia,Est_Asia,F,yes,yes
HGDP01335,She,China,Asia,Est_Asia,F,yes,yes
HGDP01336,She,China,Asia,Est_Asia,F,yes,yes
HGDP01337,Naxi,China,Asia,Est_Asia,M,yes,yes
HGDP01338,Naxi,China,Asia,Est_Asia,M,yes,yes
HGDP01339,Naxi,China,Asia,Est_Asia,M,yes,yes
HGDP01340,Naxi,China,Asia,Est_Asia,M,yes,yes
HGDP01341,Naxi,China,Asia,Est_Asia,M,yes,yes
HGDP01342,Naxi,China,Asia,Est_Asia,M,yes,yes
HGDP01343,Naxi,China,Asia,Est_Asia,M,yes,no
HGDP01344,Naxi,China,Asia,Est_Asia,M,yes,yes
HGDP01345,Naxi,China,Asia,Est_Asia,F,yes,yes
HGDP01346,Naxi,China,Asia,Est_Asia,F,yes,yes
HGDP01347,Tu,China,Asia,Est_Asia,M,yes,yes
HGDP01348,Tu,China,Asia,Est_Asia,M,yes,yes
HGDP01349,Tu,China,Asia,Est_Asia,M,yes,yes
HGDP01350,Tu,China,Asia,Est_Asia,M,yes,yes
HGDP01351,Tu,China,Asia,Est_Asia,M,yes,yes
HGDP01352,Tu,China,Asia,Est_Asia,M,yes,yes
HGDP01353,Tu,China,Asia,Est_Asia,M,yes,yes
HGDP01354,Tu,China,Asia,Est_Asia,F,yes,yes
HGDP01355,Tu,China,Asia,Est_Asia,F,yes,yes
HGDP01356,Tu,China,Asia,Est_Asia,F,yes,yes
HGDP01357,French_Basque,France,Europe,Europe,M,yes,yes
HGDP01358,French_Basque,France,Europe,Europe,M,yes,yes
HGDP01359,French_Basque,France,Europe,Europe,M,yes,yes
HGDP01360,French_Basque,France,Europe,Europe,M,yes,yes
HGDP01361,French_Basque,France,Europe,Europe,M,yes,yes
HGDP01362,French_Basque,France,Europe,Europe,M,yes,yes
HGDP01363,French_Basque,France,Europe,Europe,F,yes,yes
HGDP01364,French_Basque,France,Europe,Europe,M,yes,yes
HGDP01365,French_Basque,France,Europe,Europe,F,yes,yes
HGDP01366,French_Basque,France,Europe,Europe,F,yes,yes
HGDP01367,French_Basque,France,Europe,Europe,F,yes,yes
HGDP01368,French_Basque,France,Europe,Europe,F,yes,yes
HGDP01369,French_Basque,France,Europe,Europe,F,yes,yes
HGDP01370,French_Basque,France,Europe,Europe,M,yes,yes
HGDP01371,French_Basque,France,Europe,Europe,M,yes,yes
HGDP01372,French_Basque,France,Europe,Europe,M,yes,yes
HGDP01373,French_Basque,France,Europe,Europe,F,yes,yes
HGDP01374,French_Basque,France,Europe,Europe,M,yes,yes
HGDP01375,French_Basque,France,Europe,Europe,M,yes,yes
HGDP01376,French_Basque,France,Europe,Europe,M,yes,yes
HGDP01377,French_Basque,France,Europe,Europe,M,yes,yes
HGDP01378,French_Basque,France,Europe,Europe,M,yes,yes
HGDP01379,French_Basque,France,Europe,Europe,M,yes,yes
HGDP01380,French_Basque,France,Europe,Europe,F,yes,yes
HGDP01381,Adygei,Russia Caucasus,Europe,Europe,F,yes,yes
HGDP01382,Adygei,Russia Caucasus,Europe,Europe,F,yes,yes
HGDP01383,Adygei,Russia Caucasus,Europe,Europe,M,yes,yes
HGDP01384,Adygei,Russia Caucasus,Europe,Europe,F,yes,yes
HGDP01385,Adygei,Russia Caucasus,Europe,Europe,M,yes,yes
HGDP01386,Adygei,Russia Caucasus,Europe,Europe,F,yes,yes
HGDP01387,Adygei,Russia Caucasus,Europe,Europe,F,yes,yes
HGDP01388,Adygei,Russia Caucasus,Europe,Europe,F,yes,yes
HGDP01396,Adygei,Russia Caucasus,Europe,Europe,M,yes,yes
HGDP01397,Adygei,Russia Caucasus,Europe,Europe,M,yes,yes
HGDP01398,Adygei,Russia Caucasus,Europe,Europe,F,yes,yes
HGDP01399,Adygei,Russia Caucasus,Europe,Europe,F,yes,yes
HGDP01400,Adygei,Russia Caucasus,Europe,Europe,F,yes,yes
HGDP01401,Adygei,Russia Caucasus,Europe,Europe,F,yes,yes
HGDP01402,Adygei,Russia Caucasus,Europe,Europe,M,yes,yes
HGDP01403,Adygei,Russia Caucasus,Europe,Europe,M,yes,yes
HGDP01404,Adygei,Russia Caucasus,Europe,Europe,M,yes,yes
HGDP01405,Bantu_N.E.,Kenya,Subsaharan Africa,Africa,M,yes,yes
HGDP01406,Bantu_N.E.,Kenya,Subsaharan Africa,Africa,M,yes,yes
HGDP01408,Bantu_N.E.,Kenya,Subsaharan Africa,Africa,M,yes,yes
HGDP01411,Bantu_N.E.,Kenya,Subsaharan Africa,Africa,M,yes,yes
HGDP01412,Bantu_N.E.,Kenya,Subsaharan Africa,Africa,M,yes,yes
HGDP01413,Bantu_N.E.,Kenya,Subsaharan Africa,Africa,M,yes,no
HGDP01414,Bantu_N.E.,Kenya,Subsaharan Africa,Africa,F,yes,yes
HGDP01415,Bantu_N.E.,Kenya,Subsaharan Africa,Africa,M,yes,yes
HGDP01416,Bantu_N.E.,Kenya,Subsaharan Africa,Africa,M,yes,yes
HGDP01417,Bantu_N.E.,Kenya,Subsaharan Africa,Africa,M,yes,yes
HGDP01418,Bantu_N.E.,Kenya,Subsaharan Africa,Africa,M,yes,yes
HGDP01419,Bantu_N.E.,Kenya,Subsaharan Africa,Africa,M,yes,yes